<?xml version="1.0" encoding="UTF-8" standalone="yes" ?>
<!DOCTYPE boost_serialization>
<boost_serialization signature="serialization::archive" version="9">
<tracklets class_id="0" tracking_level="0" version="0">
	<count>8</count>
	<item_version>1</item_version>
	<item class_id="1" tracking_level="0" version="1">
		<objectType>Van</objectType>
		<h>2.0461018</h>
		<w>2.0204058</w>
		<l>5.1802263</l>
		<first_frame>0</first_frame>
		<poses class_id="2" tracking_level="0" version="0">
			<count>11</count>
			<item_version>2</item_version>
			<item class_id="3" tracking_level="0" version="2">
				<tx>12.276002604019752</tx>
				<ty>2.8840957305243426</ty>
				<tz>-1.7438614368438721</tz>
				<rx>0</rx>
				<ry>0</ry>
				<rz>3.1656835046171565</rz>
				<state>2</state>
				<occlusion>0</occlusion>
				<occlusion_kf>1</occlusion_kf>
				<truncation>0</truncation>
				<amt_occlusion>-1</amt_occlusion>
				<amt_occlusion_kf>-1</amt_occlusion_kf>
				<amt_border_l>-1</amt_border_l>
				<amt_border_r>-1</amt_border_r>
				<amt_border_kf>-1</amt_border_kf>
			</item>
			<item>
				<tx>10.740370083160954</tx>
				<ty>2.8878335168594691</ty>
				<tz>-1.7385391470069087</tz>
				<rx>0</rx>
				<ry>0</ry>
				<rz>3.1662530458645342</rz>
				<state>1</state>
				<occlusion>0</occlusion>
				<occlusion_kf>0</occlusion_kf>
				<truncation>0</truncation>
				<amt_occlusion>-1</amt_occlusion>
				<amt_occlusion_kf>-1</amt_occlusion_kf>
				<amt_border_l>-1</amt_border_l>
				<amt_border_r>-1</amt_border_r>
				<amt_border_kf>-1</amt_border_kf>
			</item>
			<item>
				<tx>9.2047375623021583</tx>
				<ty>2.8915713031945955</ty>
				<tz>-1.7332168571699456</tz>
				<rx>0</rx>
				<ry>0</ry>
				<rz>3.1668225871119113</rz>
				<state>1</state>
				<occlusion>0</occlusion>
				<occlusion_kf>0</occlusion_kf>
				<truncation>0</truncation>
				<amt_occlusion>-1</amt_occlusion>
				<amt_occlusion_kf>-1</amt_occlusion_kf>
				<amt_border_l>-1</amt_border_l>
				<amt_border_r>-1</amt_border_r>
				<amt_border_kf>-1</amt_border_kf>
			</item>
			<item>
				<tx>7.6691051787396036</tx>
				<ty>2.8953090891955378</ty>
				<tz>-1.727894567808832</tz>
				<rx>0</rx>
				<ry>0</ry>
				<rz>3.1673921283083679</rz>
				<state>2</state>
				<occlusion>0</occlusion>
				<occlusion_kf>0</occlusion_kf>
				<truncation>1</truncation>
				<amt_occlusion>-1</amt_occlusion>
				<amt_occlusion_kf>-1</amt_occlusion_kf>
				<amt_border_l>-1</amt_border_l>
				<amt_border_r>-1</amt_border_r>
				<amt_border_kf>-1</amt_border_kf>
			</item>
			<item>
				<tx>6.1334728561975949</tx>
				<ty>2.8990468750479539</ty>
				<tz>-1.7225722786592073</tz>
				<rx>0</rx>
				<ry>0</ry>
				<rz>3.1807819492472644</rz>
				<state>1</state>
				<occlusion>0</occlusion>
				<occlusion_kf>0</occlusion_kf>
				<truncation>1</truncation>
				<amt_occlusion>-1</amt_occlusion>
				<amt_occlusion_kf>-1</amt_occlusion_kf>
				<amt_border_l>-1</amt_border_l>
				<amt_border_r>-1</amt_border_r>
				<amt_border_kf>-1</amt_border_kf>
			</item>
			<item>
				<tx>4.5978405336555861</tx>
				<ty>2.90278466090037</ty>
				<tz>-1.7172499895095825</tz>
				<rx>0</rx>
				<ry>0</ry>
				<rz>3.1941717701861609</rz>
				<state>2</state>
				<occlusion>0</occlusion>
				<occlusion_kf>0</occlusion_kf>
				<truncation>1</truncation>
				<amt_occlusion>-1</amt_occlusion>
				<amt_occlusion_kf>-1</amt_occlusion_kf>
				<amt_border_l>-1</amt_border_l>
				<amt_border_r>-1</amt_border_r>
				<amt_border_kf>-1</amt_border_kf>
			</item>
			<item>
				<tx>3.1363698152841701</tx>
				<ty>2.8799512402772542</ty>
				<tz>-1.743313361683446</tz>
				<rx>0</rx>
				<ry>0</ry>
				<rz>3.194063717985665</rz>
				<state>1</state>
				<occlusion>0</occlusion>
				<occlusion_kf>0</occlusion_kf>
				<truncation>99</truncation>
				<amt_occlusion>-1</amt_occlusion>
				<amt_occlusion_kf>-1</amt_occlusion_kf>
				<amt_border_l>-1</amt_border_l>
				<amt_border_r>-1</amt_border_r>
				<amt_border_kf>-1</amt_border_kf>
			</item>
			<item>
				<tx>1.6748990969127546</tx>
				<ty>2.857117819654138</ty>
				<tz>-1.7693767338573096</tz>
				<rx>0</rx>
				<ry>0</ry>
				<rz>3.1939556657851691</rz>
				<state>1</state>
				<occlusion>0</occlusion>
				<occlusion_kf>0</occlusion_kf>
				<truncation>99</truncation>
				<amt_occlusion>-1</amt_occlusion>
				<amt_occlusion_kf>-1</amt_occlusion_kf>
				<amt_border_l>-1</amt_border_l>
				<amt_border_r>-1</amt_border_r>
				<amt_border_kf>-1</amt_border_kf>
			</item>
			<item>
				<tx>0.21342837854133911</tx>
				<ty>2.8342843990310223</ty>
				<tz>-1.7954401060311733</tz>
				<rx>0</rx>
				<ry>0</ry>
				<rz>3.1938476135846736</rz>
				<state>1</state>
				<occlusion>0</occlusion>
				<occlusion_kf>0</occlusion_kf>
				<truncation>99</truncation>
				<amt_occlusion>-1</amt_occlusion>
				<amt_occlusion_kf>-1</amt_occlusion_kf>
				<amt_border_l>-1</amt_border_l>
				<amt_border_r>-1</amt_border_r>
				<amt_border_kf>-1</amt_border_kf>
			</item>
			<item>
				<tx>-1.2480423398300771</tx>
				<ty>2.8114509784079065</ty>
				<tz>-1.8215034782050368</tz>
				<rx>0</rx>
				<ry>0</ry>
				<rz>3.1937395613841777</rz>
				<state>2</state>
				<occlusion>0</occlusion>
				<occlusion_kf>0</occlusion_kf>
				<truncation>99</truncation>
				<amt_occlusion>-1</amt_occlusion>
				<amt_occlusion_kf>-1</amt_occlusion_kf>
				<amt_border_l>-1</amt_border_l>
				<amt_border_r>-1</amt_border_r>
				<amt_border_kf>-1</amt_border_kf>
			</item>
			<item>
				<tx>-2.9496670056692311</tx>
				<ty>2.7760829041631214</ty>
				<tz>-1.8346130847930908</tz>
				<rx>0</rx>
				<ry>0</ry>
				<rz>3.1936315091917322</rz>
				<state>2</state>
				<occlusion>0</occlusion>
				<occlusion_kf>0</occlusion_kf>
				<truncation>99</truncation>
				<amt_occlusion>-1</amt_occlusion>
				<amt_occlusion_kf>-1</amt_occlusion_kf>
				<amt_border_l>-1</amt_border_l>
				<amt_border_r>-1</amt_border_r>
				<amt_border_kf>-1</amt_border_kf>
			</item>
		</poses>
		<finished>1</finished>
	</item>
	<item>
		<objectType>Car</objectType>
		<h>1.3982387</h>
		<w>1.5867531</w>
		<l>3.887013</l>
		<first_frame>0</first_frame>
		<poses>
			<count>6</count>
			<item_version>2</item_version>
			<item>
				<tx>8.4684992887804338</tx>
				<ty>5.2655977743872544</ty>
				<tz>-1.8566272258758545</tz>
				<rx>0</rx>
				<ry>0</ry>
				<rz>3.1687654174538475</rz>
				<state>2</state>
				<occlusion>0</occlusion>
				<occlusion_kf>1</occlusion_kf>
				<truncation>1</truncation>
				<amt_occlusion>3</amt_occlusion>
				<amt_occlusion_kf>1</amt_occlusion_kf>
				<amt_border_l>0</amt_border_l>
				<amt_border_r>1</amt_border_r>
				<amt_border_kf>-1</amt_border_kf>
			</item>
			<item>
				<tx>7.7033618227979233</tx>
				<ty>5.2759522089909492</ty>
				<tz>-1.8010797500610352</tz>
				<rx>0</rx>
				<ry>0</ry>
				<rz>3.1706192620562534</rz>
				<state>1</state>
				<occlusion>0</occlusion>
				<occlusion_kf>0</occlusion_kf>
				<truncation>1</truncation>
				<amt_occlusion>0</amt_occlusion>
				<amt_occlusion_kf>1</amt_occlusion_kf>
				<amt_border_l>0</amt_border_l>
				<amt_border_r>1</amt_border_r>
				<amt_border_kf>-1</amt_border_kf>
			</item>
			<item>
				<tx>6.9382243568154118</tx>
				<ty>5.286306643594644</ty>
				<tz>-1.78438401222229</tz>
				<rx>0</rx>
				<ry>0</ry>
				<rz>3.1724731066586593</rz>
				<state>1</state>
				<occlusion>1</occlusion>
				<occlusion_kf>1</occlusion_kf>
				<truncation>1</truncation>
				<amt_occlusion>3</amt_occlusion>
				<amt_occlusion_kf>1</amt_occlusion_kf>
				<amt_border_l>0</amt_border_l>
				<amt_border_r>1</amt_border_r>
				<amt_border_kf>-1</amt_border_kf>
			</item>
			<item>
				<tx>6.1730868338257183</tx>
				<ty>5.2966610789698043</ty>
				<tz>-1.7961115837097168</tz>
				<rx>0</rx>
				<ry>0</ry>
				<rz>3.1743269513991872</rz>
				<state>1</state>
				<occlusion>1</occlusion>
				<occlusion_kf>0</occlusion_kf>
				<truncation>1</truncation>
				<amt_occlusion>1.5</amt_occlusion>
				<amt_occlusion_kf>1</amt_occlusion_kf>
				<amt_border_l>0</amt_border_l>
				<amt_border_r>1</amt_border_r>
				<amt_border_kf>-1</amt_border_kf>
			</item>
			<item>
				<tx>5.4079494248503899</tx>
				<ty>5.3070155128020335</ty>
				<tz>-1.7775982618331909</tz>
				<rx>0</rx>
				<ry>0</ry>
				<rz>3.1761807958634711</rz>
				<state>1</state>
				<occlusion>1</occlusion>
				<occlusion_kf>0</occlusion_kf>
				<truncation>1</truncation>
				<amt_occlusion>3</amt_occlusion>
				<amt_occlusion_kf>1</amt_occlusion_kf>
				<amt_border_l>0</amt_border_l>
				<amt_border_r>1</amt_border_r>
				<amt_border_kf>-1</amt_border_kf>
			</item>
			<item>
				<tx>4.6428120158750623</tx>
				<ty>5.3173699466342628</ty>
				<tz>-1.7513585090637207</tz>
				<rx>0</rx>
				<ry>0</ry>
				<rz>3.1780346403277546</rz>
				<state>2</state>
				<occlusion>2</occlusion>
				<occlusion_kf>1</occlusion_kf>
				<truncation>1</truncation>
				<amt_occlusion>3</amt_occlusion>
				<amt_occlusion_kf>1</amt_occlusion_kf>
				<amt_border_l>0</amt_border_l>
				<amt_border_r>1</amt_border_r>
				<amt_border_kf>-1</amt_border_kf>
			</item>
		</poses>
		<finished>1</finished>
	</item>
	<item>
		<objectType>Car</objectType>
		<h>1.4379425</h>
		<w>1.5850191</w>
		<l>3.5077734</l>
		<first_frame>0</first_frame>
		<poses>
			<count>7</count>
			<item_version>2</item_version>
			<item>
				<tx>4.8248207327437731</tx>
				<ty>-2.4971780463440774</ty>
				<tz>-1.6195125579833984</tz>
				<rx>0</rx>
				<ry>0</ry>
				<rz>-3.1871595883062862</rz>
				<state>2</state>
				<occlusion>0</occlusion>
				<occlusion_kf>1</occlusion_kf>
				<truncation>1</truncation>
				<amt_occlusion>3</amt_occlusion>
				<amt_occlusion_kf>1</amt_occlusion_kf>
				<amt_border_l>0</amt_border_l>
				<amt_border_r>1</amt_border_r>
				<amt_border_kf>-1</amt_border_kf>
			</item>
			<item>
				<tx>4.0778304098886586</tx>
				<ty>-2.4977811590105761</ty>
				<tz>-1.6151344776153564</tz>
				<rx>0</rx>
				<ry>0</ry>
				<rz>-3.1853604017229045</rz>
				<state>1</state>
				<occlusion>0</occlusion>
				<occlusion_kf>0</occlusion_kf>
				<truncation>1</truncation>
				<amt_occlusion>0</amt_occlusion>
				<amt_occlusion_kf>1</amt_occlusion_kf>
				<amt_border_l>0</amt_border_l>
				<amt_border_r>1</amt_border_r>
				<amt_border_kf>-1</amt_border_kf>
			</item>
			<item>
				<tx>3.3228317317672706</tx>
				<ty>-2.4980335400165132</ty>
				<tz>-1.6312803030014038</tz>
				<rx>0</rx>
				<ry>0</ry>
				<rz>-3.1835612151395227</rz>
				<state>1</state>
				<occlusion>0</occlusion>
				<occlusion_kf>0</occlusion_kf>
				<truncation>1</truncation>
				<amt_occlusion>3</amt_occlusion>
				<amt_occlusion_kf>1</amt_occlusion_kf>
				<amt_border_l>0</amt_border_l>
				<amt_border_r>1</amt_border_r>
				<amt_border_kf>-1</amt_border_kf>
			</item>
			<item>
				<tx>2.5638277329434596</tx>
				<ty>-2.4981393744118341</ty>
				<tz>-1.6511267423629761</tz>
				<rx>0</rx>
				<ry>0</ry>
				<rz>-3.1817620287170003</rz>
				<state>1</state>
				<occlusion>0</occlusion>
				<occlusion_kf>0</occlusion_kf>
				<truncation>99</truncation>
				<amt_occlusion>0</amt_occlusion>
				<amt_occlusion_kf>1</amt_occlusion_kf>
				<amt_border_l>0</amt_border_l>
				<amt_border_r>1</amt_border_r>
				<amt_border_kf>-1</amt_border_kf>
			</item>
			<item>
				<tx>1.8208427307907686</tx>
				<ty>-2.4988890336889491</ty>
				<tz>-1.6683080196380615</tz>
				<rx>0</rx>
				<ry>0</ry>
				<rz>-3.1799628419727588</rz>
				<state>1</state>
				<occlusion>0</occlusion>
				<occlusion_kf>0</occlusion_kf>
				<truncation>99</truncation>
				<amt_occlusion>3</amt_occlusion>
				<amt_occlusion_kf>1</amt_occlusion_kf>
				<amt_border_l>0</amt_border_l>
				<amt_border_r>1</amt_border_r>
				<amt_border_kf>-1</amt_border_kf>
			</item>
			<item>
				<tx>1.0698484317349339</tx>
				<ty>-2.4993167804104366</ty>
				<tz>-1.6891260147094727</tz>
				<rx>0</rx>
				<ry>0</ry>
				<rz>-3.1781636558719564</rz>
				<state>1</state>
				<occlusion>0</occlusion>
				<occlusion_kf>0</occlusion_kf>
				<truncation>99</truncation>
				<amt_occlusion>0</amt_occlusion>
				<amt_occlusion_kf>1</amt_occlusion_kf>
				<amt_border_l>0</amt_border_l>
				<amt_border_r>1</amt_border_r>
				<amt_border_kf>-1</amt_border_kf>
			</item>
			<item>
				<tx>0.31885386410254424</tx>
				<ty>-2.4997445272848982</ty>
				<tz>-1.6660871505737305</tz>
				<rx>0</rx>
				<ry>0</ry>
				<rz>-3.1763644691277149</rz>
				<state>2</state>
				<occlusion>0</occlusion>
				<occlusion_kf>0</occlusion_kf>
				<truncation>99</truncation>
				<amt_occlusion>3</amt_occlusion>
				<amt_occlusion_kf>1</amt_occlusion_kf>
				<amt_border_l>0</amt_border_l>
				<amt_border_r>1</amt_border_r>
				<amt_border_kf>-1</amt_border_kf>
			</item>
		</poses>
		<finished>1</finished>
	</item>
	<item>
		<objectType>Car</objectType>
		<h>1.4137063</h>
		<w>1.6427487</w>
		<l>3.7689064</l>
		<first_frame>0</first_frame>
		<poses>
			<count>22</count>
			<item_version>2</item_version>
			<item>
				<tx>22.39246145018264</tx>
				<ty>-2.5519686763756186</ty>
				<tz>-1.5448954050262729</tz>
				<rx>0</rx>
				<ry>0</ry>
				<rz>0</rz>
				<state>2</state>
				<occlusion>0</occlusion>
				<occlusion_kf>1</occlusion_kf>
				<truncation>0</truncation>
				<amt_occlusion>0</amt_occlusion>
				<amt_occlusion_kf>1</amt_occlusion_kf>
				<amt_border_l>0</amt_border_l>
				<amt_border_r>1</amt_border_r>
				<amt_border_kf>-1</amt_border_kf>
			</item>
			<item>
				<tx>21.628315744423357</tx>
				<ty>-2.5189459224218891</ty>
				<tz>-1.4855376212894249</tz>
				<rx>0</rx>
				<ry>0</ry>
				<rz>0.0018538447036954475</rz>
				<state>2</state>
				<occlusion>0</occlusion>
				<occlusion_kf>0</occlusion_kf>
				<truncation>0</truncation>
				<amt_occlusion>0</amt_occlusion>
				<amt_occlusion_kf>0</amt_occlusion_kf>
				<amt_border_l>0</amt_border_l>
				<amt_border_r>1</amt_border_r>
				<amt_border_kf>-1</amt_border_kf>
			</item>
			<item>
				<tx>20.84813814023962</tx>
				<ty>-2.4861014941044979</ty>
				<tz>-1.4589241740152668</tz>
				<rx>0</rx>
				<ry>0</ry>
				<rz>0.003707689407390895</rz>
				<state>2</state>
				<occlusion>0</occlusion>
				<occlusion_kf>0</occlusion_kf>
				<truncation>0</truncation>
				<amt_occlusion>0</amt_occlusion>
				<amt_occlusion_kf>1</amt_occlusion_kf>
				<amt_border_l>0</amt_border_l>
				<amt_border_r>1</amt_border_r>
				<amt_border_kf>-1</amt_border_kf>
			</item>
			<item>
				<tx>20.071968495977508</tx>
				<ty>-2.4532570692141218</ty>
				<tz>-1.5083636121301187</tz>
				<rx>0</rx>
				<ry>0</ry>
				<rz>0.0055615339453397149</rz>
				<state>2</state>
				<occlusion>0</occlusion>
				<occlusion_kf>0</occlusion_kf>
				<truncation>0</truncation>
				<amt_occlusion>0</amt_occlusion>
				<amt_occlusion_kf>0</amt_occlusion_kf>
				<amt_border_l>0</amt_border_l>
				<amt_border_r>1</amt_border_r>
				<amt_border_kf>-1</amt_border_kf>
			</item>
			<item>
				<tx>19.351872604039482</tx>
				<ty>-2.4133760748211772</ty>
				<tz>-1.5415163524728812</tz>
				<rx>0</rx>
				<ry>0</ry>
				<rz>0.0074153784096233745</rz>
				<state>2</state>
				<occlusion>0</occlusion>
				<occlusion_kf>0</occlusion_kf>
				<truncation>0</truncation>
				<amt_occlusion>0</amt_occlusion>
				<amt_occlusion_kf>1</amt_occlusion_kf>
				<amt_border_l>0</amt_border_l>
				<amt_border_r>1</amt_border_r>
				<amt_border_kf>-1</amt_border_kf>
			</item>
			<item>
				<tx>18.591696897174018</tx>
				<ty>-2.3737179884884299</ty>
				<tz>-1.639257139558467</tz>
				<rx>0</rx>
				<ry>0</ry>
				<rz>0.0092692228739070341</rz>
				<state>2</state>
				<occlusion>0</occlusion>
				<occlusion_kf>0</occlusion_kf>
				<truncation>0</truncation>
				<amt_occlusion>0</amt_occlusion>
				<amt_occlusion_kf>0</amt_occlusion_kf>
				<amt_border_l>0</amt_border_l>
				<amt_border_r>1</amt_border_r>
				<amt_border_kf>-1</amt_border_kf>
			</item>
			<item>
				<tx>17.777626646818781</tx>
				<ty>-2.346426763088667</ty>
				<tz>-1.6668997667124301</tz>
				<rx>0</rx>
				<ry>0</ry>
				<rz>0.0091611706734112067</rz>
				<state>1</state>
				<occlusion>0</occlusion>
				<occlusion_kf>0</occlusion_kf>
				<truncation>0</truncation>
				<amt_occlusion>0</amt_occlusion>
				<amt_occlusion_kf>1</amt_occlusion_kf>
				<amt_border_l>0</amt_border_l>
				<amt_border_r>1</amt_border_r>
				<amt_border_kf>-1</amt_border_kf>
			</item>
			<item>
				<tx>16.963556396463549</tx>
				<ty>-2.3191355376889042</ty>
				<tz>-1.6945423938663933</tz>
				<rx>0</rx>
				<ry>0</ry>
				<rz>0.0090531184729153794</rz>
				<state>2</state>
				<occlusion>0</occlusion>
				<occlusion_kf>0</occlusion_kf>
				<truncation>0</truncation>
				<amt_occlusion>0</amt_occlusion>
				<amt_occlusion_kf>0</amt_occlusion_kf>
				<amt_border_l>0</amt_border_l>
				<amt_border_r>1</amt_border_r>
				<amt_border_kf>-1</amt_border_kf>
			</item>
			<item>
				<tx>16.164544426118191</tx>
				<ty>-2.3317880540423652</ty>
				<tz>-1.7050210843997866</tz>
				<rx>0</rx>
				<ry>0</ry>
				<rz>0.0089450662718828511</rz>
				<state>1</state>
				<occlusion>0</occlusion>
				<occlusion_kf>0</occlusion_kf>
				<truncation>0</truncation>
				<amt_occlusion>0</amt_occlusion>
				<amt_occlusion_kf>1</amt_occlusion_kf>
				<amt_border_l>0</amt_border_l>
				<amt_border_r>1</amt_border_r>
				<amt_border_kf>-1</amt_border_kf>
			</item>
			<item>
				<tx>15.365532455772836</tx>
				<ty>-2.3444405703958267</ty>
				<tz>-1.7154997749331802</tz>
				<rx>0</rx>
				<ry>0</ry>
				<rz>0.0088370140708503211</rz>
				<state>1</state>
				<occlusion>0</occlusion>
				<occlusion_kf>0</occlusion_kf>
				<truncation>0</truncation>
				<amt_occlusion>0</amt_occlusion>
				<amt_occlusion_kf>0</amt_occlusion_kf>
				<amt_border_l>0</amt_border_l>
				<amt_border_r>1</amt_border_r>
				<amt_border_kf>-1</amt_border_kf>
			</item>
			<item>
				<tx>14.566520556864715</tx>
				<ty>-2.3570930856180645</ty>
				<tz>-1.7259784645297056</tz>
				<rx>0</rx>
				<ry>0</ry>
				<rz>0.0087289618794784123</rz>
				<state>2</state>
				<occlusion>0</occlusion>
				<occlusion_kf>0</occlusion_kf>
				<truncation>0</truncation>
				<amt_occlusion>0</amt_occlusion>
				<amt_occlusion_kf>1</amt_occlusion_kf>
				<amt_border_l>0</amt_border_l>
				<amt_border_r>1</amt_border_r>
				<amt_border_kf>-1</amt_border_kf>
			</item>
			<item>
				<tx>13.737657655923904</tx>
				<ty>-2.3984709454009225</ty>
				<tz>-1.7112162415195264</tz>
				<rx>0</rx>
				<ry>0</ry>
				<rz>0.0069784035483560301</rz>
				<state>1</state>
				<occlusion>0</occlusion>
				<occlusion_kf>0</occlusion_kf>
				<truncation>0</truncation>
				<amt_occlusion>0</amt_occlusion>
				<amt_occlusion_kf>0</amt_occlusion_kf>
				<amt_border_l>0</amt_border_l>
				<amt_border_r>1</amt_border_r>
				<amt_border_kf>-1</amt_border_kf>
			</item>
			<item>
				<tx>12.908794754983091</tx>
				<ty>-2.4398488051837801</ty>
				<tz>-1.6964540185093473</tz>
				<rx>0</rx>
				<ry>0</ry>
				<rz>0.0052278452172336487</rz>
				<state>1</state>
				<occlusion>0</occlusion>
				<occlusion_kf>0</occlusion_kf>
				<truncation>0</truncation>
				<amt_occlusion>0</amt_occlusion>
				<amt_occlusion_kf>1</amt_occlusion_kf>
				<amt_border_l>0</amt_border_l>
				<amt_border_r>1</amt_border_r>
				<amt_border_kf>-1</amt_border_kf>
			</item>
			<item>
				<tx>12.079931792287182</tx>
				<ty>-2.481226668049529</ty>
				<tz>-1.6816917943992971</tz>
				<rx>0</rx>
				<ry>0</ry>
				<rz>0.0034772867556845093</rz>
				<state>1</state>
				<occlusion>0</occlusion>
				<occlusion_kf>0</occlusion_kf>
				<truncation>0</truncation>
				<amt_occlusion>0</amt_occlusion>
				<amt_occlusion_kf>0</amt_occlusion_kf>
				<amt_border_l>0</amt_border_l>
				<amt_border_r>1</amt_border_r>
				<amt_border_kf>-1</amt_border_kf>
			</item>
			<item>
				<tx>11.251068953101468</tx>
				<ty>-2.5226045247494957</ty>
				<tz>-1.6669295724889892</tz>
				<rx>0</rx>
				<ry>0</ry>
				<rz>0.001726728554988885</rz>
				<state>1</state>
				<occlusion>0</occlusion>
				<occlusion_kf>0</occlusion_kf>
				<truncation>0</truncation>
				<amt_occlusion>0</amt_occlusion>
				<amt_occlusion_kf>1</amt_occlusion_kf>
				<amt_border_l>0</amt_border_l>
				<amt_border_r>1</amt_border_r>
				<amt_border_kf>-1</amt_border_kf>
			</item>
			<item>
				<tx>10.422206113915754</tx>
				<ty>-2.5639823814494629</ty>
				<tz>-1.6521673505786814</tz>
				<rx>0</rx>
				<ry>0</ry>
				<rz>-2.3829645706738463e-05</rz>
				<state>2</state>
				<occlusion>0</occlusion>
				<occlusion_kf>0</occlusion_kf>
				<truncation>0</truncation>
				<amt_occlusion>1</amt_occlusion>
				<amt_occlusion_kf>0</amt_occlusion_kf>
				<amt_border_l>0</amt_border_l>
				<amt_border_r>1</amt_border_r>
				<amt_border_kf>-1</amt_border_kf>
			</item>
			<item>
				<tx>9.5983498214637617</tx>
				<ty>-2.6035403411298241</ty>
				<tz>-1.6323097739720682</tz>
				<rx>0</rx>
				<ry>0</ry>
				<rz>-0.0046311561397996406</rz>
				<state>2</state>
				<occlusion>0</occlusion>
				<occlusion_kf>0</occlusion_kf>
				<truncation>0</truncation>
				<amt_occlusion>1</amt_occlusion>
				<amt_occlusion_kf>1</amt_occlusion_kf>
				<amt_border_l>0</amt_border_l>
				<amt_border_r>1</amt_border_r>
				<amt_border_kf>-1</amt_border_kf>
			</item>
			<item>
				<tx>8.7746271903016169</tx>
				<ty>-2.6142408951855507</ty>
				<tz>-1.6420552092477303</tz>
				<rx>0</rx>
				<ry>0</ry>
				<rz>-0.0092384825377762256</rz>
				<state>1</state>
				<occlusion>0</occlusion>
				<occlusion_kf>0</occlusion_kf>
				<truncation>0</truncation>
				<amt_occlusion>1</amt_occlusion>
				<amt_occlusion_kf>0</amt_occlusion_kf>
				<amt_border_l>0</amt_border_l>
				<amt_border_r>1</amt_border_r>
				<amt_border_kf>-1</amt_border_kf>
			</item>
			<item>
				<tx>7.9509045591394703</tx>
				<ty>-2.6249414492412773</ty>
				<tz>-1.6518006445233926</tz>
				<rx>0</rx>
				<ry>0</ry>
				<rz>-0.01384580893575281</rz>
				<state>1</state>
				<occlusion>0</occlusion>
				<occlusion_kf>0</occlusion_kf>
				<truncation>0</truncation>
				<amt_occlusion>0</amt_occlusion>
				<amt_occlusion_kf>1</amt_occlusion_kf>
				<amt_border_l>0</amt_border_l>
				<amt_border_r>1</amt_border_r>
				<amt_border_kf>-1</amt_border_kf>
			</item>
			<item>
				<tx>7.1271818666052074</tx>
				<ty>-2.6356420040942572</ty>
				<tz>-1.6615460805251461</tz>
				<rx>0</rx>
				<ry>0</ry>
				<rz>-0.018453135677001953</rz>
				<state>1</state>
				<occlusion>0</occlusion>
				<occlusion_kf>0</occlusion_kf>
				<truncation>1</truncation>
				<amt_occlusion>0</amt_occlusion>
				<amt_occlusion_kf>1</amt_occlusion_kf>
				<amt_border_l>0</amt_border_l>
				<amt_border_r>1</amt_border_r>
				<amt_border_kf>-1</amt_border_kf>
			</item>
			<item>
				<tx>6.3034592968151797</tx>
				<ty>-2.6463425573527304</ty>
				<tz>-1.6712915150747167</tz>
				<rx>0</rx>
				<ry>0</ry>
				<rz>-0.023060461731705978</rz>
				<state>1</state>
				<occlusion>0</occlusion>
				<occlusion_kf>0</occlusion_kf>
				<truncation>1</truncation>
				<amt_occlusion>3</amt_occlusion>
				<amt_occlusion_kf>1</amt_occlusion_kf>
				<amt_border_l>0</amt_border_l>
				<amt_border_r>1</amt_border_r>
				<amt_border_kf>-1</amt_border_kf>
			</item>
			<item>
				<tx>5.479736727025152</tx>
				<ty>-2.6570431106112036</ty>
				<tz>-1.6810369496242874</tz>
				<rx>0</rx>
				<ry>0</ry>
				<rz>-0.027667787786409999</rz>
				<state>2</state>
				<occlusion>0</occlusion>
				<occlusion_kf>0</occlusion_kf>
				<truncation>1</truncation>
				<amt_occlusion>0</amt_occlusion>
				<amt_occlusion_kf>1</amt_occlusion_kf>
				<amt_border_l>0</amt_border_l>
				<amt_border_r>1</amt_border_r>
				<amt_border_kf>-1</amt_border_kf>
			</item>
		</poses>
		<finished>1</finished>
	</item>
	<item>
		<objectType>Car</objectType>
		<h>1.4331262</h>
		<w>1.7552806</w>
		<l>3.9747739</l>
		<first_frame>0</first_frame>
		<poses>
			<count>22</count>
			<item_version>2</item_version>
			<item>
				<tx>47.494580773419699</tx>
				<ty>4.997503010456926</ty>
				<tz>-1.7509740786621639</tz>
				<rx>0</rx>
				<ry>0</ry>
				<rz>-3.1385683266988544</rz>
				<state>2</state>
				<occlusion>0</occlusion>
				<occlusion_kf>1</occlusion_kf>
				<truncation>0</truncation>
				<amt_occlusion>0</amt_occlusion>
				<amt_occlusion_kf>1</amt_occlusion_kf>
				<amt_border_l>0</amt_border_l>
				<amt_border_r>1</amt_border_r>
				<amt_border_kf>-1</amt_border_kf>
			</item>
			<item>
				<tx>46.805202061715406</tx>
				<ty>5.0930931809687872</ty>
				<tz>-1.5421520359011076</tz>
				<rx>0</rx>
				<ry>0</ry>
				<rz>-3.1371499079708336</rz>
				<state>2</state>
				<occlusion>0</occlusion>
				<occlusion_kf>0</occlusion_kf>
				<truncation>0</truncation>
				<amt_occlusion>0</amt_occlusion>
				<amt_occlusion_kf>0</amt_occlusion_kf>
				<amt_border_l>0</amt_border_l>
				<amt_border_r>1</amt_border_r>
				<amt_border_kf>-1</amt_border_kf>
			</item>
			<item>
				<tx>46.004854014356106</tx>
				<ty>5.1727683873601302</ty>
				<tz>-1.451811443705824</tz>
				<rx>0</rx>
				<ry>0</ry>
				<rz>-3.1408010773631112</rz>
				<state>2</state>
				<occlusion>0</occlusion>
				<occlusion_kf>0</occlusion_kf>
				<truncation>0</truncation>
				<amt_occlusion>0</amt_occlusion>
				<amt_occlusion_kf>1</amt_occlusion_kf>
				<amt_border_l>0</amt_border_l>
				<amt_border_r>1</amt_border_r>
				<amt_border_kf>-1</amt_border_kf>
			</item>
			<item>
				<tx>45.204691805513789</tx>
				<ty>5.276492217985588</ty>
				<tz>-1.506202648803399</tz>
				<rx>0</rx>
				<ry>0</ry>
				<rz>-3.1444522467553884</rz>
				<state>2</state>
				<occlusion>0</occlusion>
				<occlusion_kf>0</occlusion_kf>
				<truncation>0</truncation>
				<amt_occlusion>1</amt_occlusion>
				<amt_occlusion_kf>0</amt_occlusion_kf>
				<amt_border_l>0</amt_border_l>
				<amt_border_r>1</amt_border_r>
				<amt_border_kf>-1</amt_border_kf>
			</item>
			<item>
				<tx>44.404577972271888</tx>
				<ty>5.3561680307588233</ty>
				<tz>-1.5719391234608755</tz>
				<rx>0</rx>
				<ry>0</ry>
				<rz>-3.1481034158212258</rz>
				<state>2</state>
				<occlusion>0</occlusion>
				<occlusion_kf>0</occlusion_kf>
				<truncation>0</truncation>
				<amt_occlusion>1</amt_occlusion>
				<amt_occlusion_kf>1</amt_occlusion_kf>
				<amt_border_l>0</amt_border_l>
				<amt_border_r>1</amt_border_r>
				<amt_border_kf>-1</amt_border_kf>
			</item>
			<item>
				<tx>43.60515766720998</tx>
				<ty>5.4434717783268383</ty>
				<tz>-1.707420035336586</tz>
				<rx>0</rx>
				<ry>0</ry>
				<rz>-3.1517545850606465</rz>
				<state>2</state>
				<occlusion>0</occlusion>
				<occlusion_kf>0</occlusion_kf>
				<truncation>0</truncation>
				<amt_occlusion>1</amt_occlusion>
				<amt_occlusion_kf>0</amt_occlusion_kf>
				<amt_border_l>0</amt_border_l>
				<amt_border_r>1</amt_border_r>
				<amt_border_kf>-1</amt_border_kf>
			</item>
			<item>
				<tx>42.805685172039318</tx>
				<ty>5.5227596639348935</ty>
				<tz>-1.7946571737270633</tz>
				<rx>0</rx>
				<ry>0</ry>
				<rz>-3.1554057543000669</rz>
				<state>2</state>
				<occlusion>0</occlusion>
				<occlusion_kf>0</occlusion_kf>
				<truncation>0</truncation>
				<amt_occlusion>0</amt_occlusion>
				<amt_occlusion_kf>1</amt_occlusion_kf>
				<amt_border_l>0</amt_border_l>
				<amt_border_r>1</amt_border_r>
				<amt_border_kf>-1</amt_border_kf>
			</item>
			<item>
				<tx>42.006482428103176</tx>
				<ty>5.5940263319706744</ty>
				<tz>-1.9038616778511401</tz>
				<rx>0</rx>
				<ry>0</ry>
				<rz>-3.1590569233653865</rz>
				<state>2</state>
				<occlusion>0</occlusion>
				<occlusion_kf>0</occlusion_kf>
				<truncation>0</truncation>
				<amt_occlusion>0</amt_occlusion>
				<amt_occlusion_kf>0</amt_occlusion_kf>
				<amt_border_l>0</amt_border_l>
				<amt_border_r>1</amt_border_r>
				<amt_border_kf>-1</amt_border_kf>
			</item>
			<item>
				<tx>41.205512658261199</tx>
				<ty>5.559095081891658</ty>
				<tz>-1.9143585701067665</tz>
				<rx>0</rx>
				<ry>0</ry>
				<rz>-3.1627080923626973</rz>
				<state>2</state>
				<occlusion>0</occlusion>
				<occlusion_kf>0</occlusion_kf>
				<truncation>0</truncation>
				<amt_occlusion>0</amt_occlusion>
				<amt_occlusion_kf>1</amt_occlusion_kf>
				<amt_border_l>0</amt_border_l>
				<amt_border_r>1</amt_border_r>
				<amt_border_kf>-1</amt_border_kf>
			</item>
			<item>
				<tx>40.404222175381321</tx>
				<ty>5.5041258697350175</ty>
				<tz>-1.8925221595300741</tz>
				<rx>0</rx>
				<ry>0</ry>
				<rz>-3.1663592613600082</rz>
				<state>2</state>
				<occlusion>0</occlusion>
				<occlusion_kf>0</occlusion_kf>
				<truncation>0</truncation>
				<amt_occlusion>0</amt_occlusion>
				<amt_occlusion_kf>0</amt_occlusion_kf>
				<amt_border_l>0</amt_border_l>
				<amt_border_r>1</amt_border_r>
				<amt_border_kf>-1</amt_border_kf>
			</item>
			<item>
				<tx>39.603308333923422</tx>
				<ty>5.4631793125610146</ty>
				<tz>-1.9512340958321521</tz>
				<rx>0</rx>
				<ry>0</ry>
				<rz>-3.1700104303573191</rz>
				<state>2</state>
				<occlusion>0</occlusion>
				<occlusion_kf>0</occlusion_kf>
				<truncation>0</truncation>
				<amt_occlusion>0</amt_occlusion>
				<amt_occlusion_kf>1</amt_occlusion_kf>
				<amt_border_l>0</amt_border_l>
				<amt_border_r>1</amt_border_r>
				<amt_border_kf>-1</amt_border_kf>
			</item>
			<item>
				<tx>38.800572355307686</tx>
				<ty>5.3581303927989934</ty>
				<tz>-1.927896959509305</tz>
				<rx>0</rx>
				<ry>0</ry>
				<rz>-3.1736615993546304</rz>
				<state>2</state>
				<occlusion>0</occlusion>
				<occlusion_kf>0</occlusion_kf>
				<truncation>0</truncation>
				<amt_occlusion>0</amt_occlusion>
				<amt_occlusion_kf>0</amt_occlusion_kf>
				<amt_border_l>0</amt_border_l>
				<amt_border_r>1</amt_border_r>
				<amt_border_kf>-1</amt_border_kf>
			</item>
			<item>
				<tx>38.005693336629726</tx>
				<ty>5.2402026916615174</ty>
				<tz>-1.9271519163481821</tz>
				<rx>0</rx>
				<ry>0</ry>
				<rz>-3.1677495555644564</rz>
				<state>2</state>
				<occlusion>0</occlusion>
				<occlusion_kf>0</occlusion_kf>
				<truncation>0</truncation>
				<amt_occlusion>0</amt_occlusion>
				<amt_occlusion_kf>1</amt_occlusion_kf>
				<amt_border_l>0</amt_border_l>
				<amt_border_r>1</amt_border_r>
				<amt_border_kf>-1</amt_border_kf>
			</item>
			<item>
				<tx>37.210165199268836</tx>
				<ty>5.0902163133454419</ty>
				<tz>-1.8695199075653708</tz>
				<rx>0</rx>
				<ry>0</ry>
				<rz>-3.1618375117742827</rz>
				<state>2</state>
				<occlusion>0</occlusion>
				<occlusion_kf>0</occlusion_kf>
				<truncation>0</truncation>
				<amt_occlusion>0</amt_occlusion>
				<amt_occlusion_kf>0</amt_occlusion_kf>
				<amt_border_l>0</amt_border_l>
				<amt_border_r>1</amt_border_r>
				<amt_border_kf>-1</amt_border_kf>
			</item>
			<item>
				<tx>36.41515111588383</tx>
				<ty>4.956254315445296</ty>
				<tz>-1.777562951462113</tz>
				<rx>0</rx>
				<ry>0</ry>
				<rz>-3.1559254679547437</rz>
				<state>2</state>
				<occlusion>0</occlusion>
				<occlusion_kf>0</occlusion_kf>
				<truncation>0</truncation>
				<amt_occlusion>0</amt_occlusion>
				<amt_occlusion_kf>1</amt_occlusion_kf>
				<amt_border_l>0</amt_border_l>
				<amt_border_r>1</amt_border_r>
				<amt_border_kf>-1</amt_border_kf>
			</item>
			<item>
				<tx>35.620623849527789</tx>
				<ty>4.8463354851837384</ty>
				<tz>-1.6301816085106653</tz>
				<rx>0</rx>
				<ry>0</ry>
				<rz>-3.1500134241352047</rz>
				<state>2</state>
				<occlusion>0</occlusion>
				<occlusion_kf>0</occlusion_kf>
				<truncation>0</truncation>
				<amt_occlusion>0</amt_occlusion>
				<amt_occlusion_kf>0</amt_occlusion_kf>
				<amt_border_l>0</amt_border_l>
				<amt_border_r>1</amt_border_r>
				<amt_border_kf>-1</amt_border_kf>
			</item>
			<item>
				<tx>34.826096654208023</tx>
				<ty>4.7364166647496901</ty>
				<tz>-1.587008691269669</tz>
				<rx>0</rx>
				<ry>0</ry>
				<rz>-3.1441013808442433</rz>
				<state>2</state>
				<occlusion>0</occlusion>
				<occlusion_kf>0</occlusion_kf>
				<truncation>0</truncation>
				<amt_occlusion>0</amt_occlusion>
				<amt_occlusion_kf>1</amt_occlusion_kf>
				<amt_border_l>0</amt_border_l>
				<amt_border_r>1</amt_border_r>
				<amt_border_kf>-1</amt_border_kf>
			</item>
			<item>
				<tx>33.994199834912642</tx>
				<ty>4.6620852339850396</ty>
				<tz>-1.5510597380304814</tz>
				<rx>0</rx>
				<ry>0</ry>
				<rz>-3.1451677625308712</rz>
				<state>2</state>
				<occlusion>0</occlusion>
				<occlusion_kf>0</occlusion_kf>
				<truncation>0</truncation>
				<amt_occlusion>0</amt_occlusion>
				<amt_occlusion_kf>0</amt_occlusion_kf>
				<amt_border_l>0</amt_border_l>
				<amt_border_r>1</amt_border_r>
				<amt_border_kf>-1</amt_border_kf>
			</item>
			<item>
				<tx>33.162346039993864</tx>
				<ty>4.5997777771317754</ty>
				<tz>-1.611629504079884</tz>
				<rx>0</rx>
				<ry>0</ry>
				<rz>-3.1462341441698283</rz>
				<state>2</state>
				<occlusion>0</occlusion>
				<occlusion_kf>0</occlusion_kf>
				<truncation>0</truncation>
				<amt_occlusion>0</amt_occlusion>
				<amt_occlusion_kf>1</amt_occlusion_kf>
				<amt_border_l>0</amt_border_l>
				<amt_border_r>1</amt_border_r>
				<amt_border_kf>-1</amt_border_kf>
			</item>
			<item>
				<tx>32.330492245075078</tx>
				<ty>4.537470320278512</ty>
				<tz>-1.6241030777445171</tz>
				<rx>0</rx>
				<ry>0</ry>
				<rz>-3.1473005258087854</rz>
				<state>2</state>
				<occlusion>0</occlusion>
				<occlusion_kf>0</occlusion_kf>
				<truncation>0</truncation>
				<amt_occlusion>0</amt_occlusion>
				<amt_occlusion_kf>0</amt_occlusion_kf>
				<amt_border_l>0</amt_border_l>
				<amt_border_r>1</amt_border_r>
				<amt_border_kf>-1</amt_border_kf>
			</item>
			<item>
				<tx>31.499005476630231</tx>
				<ty>4.537954053381851</ty>
				<tz>-1.6392735286205549</tz>
				<rx>0</rx>
				<ry>0</ry>
				<rz>-3.1483669073576972</rz>
				<state>1</state>
				<occlusion>0</occlusion>
				<occlusion_kf>0</occlusion_kf>
				<truncation>0</truncation>
				<amt_occlusion>0</amt_occlusion>
				<amt_occlusion_kf>1</amt_occlusion_kf>
				<amt_border_l>0</amt_border_l>
				<amt_border_r>1</amt_border_r>
				<amt_border_kf>-1</amt_border_kf>
			</item>
			<item>
				<tx>30.667518708185387</tx>
				<ty>4.538437786485189</ty>
				<tz>-1.6544439794965926</tz>
				<rx>0</rx>
				<ry>0</ry>
				<rz>-3.149433288906609</rz>
				<state>2</state>
				<occlusion>0</occlusion>
				<occlusion_kf>0</occlusion_kf>
				<truncation>0</truncation>
				<amt_occlusion>0</amt_occlusion>
				<amt_occlusion_kf>1</amt_occlusion_kf>
				<amt_border_l>0</amt_border_l>
				<amt_border_r>1</amt_border_r>
				<amt_border_kf>-1</amt_border_kf>
			</item>
		</poses>
		<finished>1</finished>
	</item>
	<item>
		<objectType>Car</objectType>
		<h>1.4863563</h>
		<w>1.6051898</w>
		<l>3.944283</l>
		<first_frame>3</first_frame>
		<poses>
			<count>19</count>
			<item_version>2</item_version>
			<item>
				<tx>24.439772359459489</tx>
				<ty>5.222107273332619</ty>
				<tz>-1.7292122888660615</tz>
				<rx>0</rx>
				<ry>0</ry>
				<rz>-3.1598054586170647</rz>
				<state>2</state>
				<occlusion>2</occlusion>
				<occlusion_kf>1</occlusion_kf>
				<truncation>0</truncation>
				<amt_occlusion>3</amt_occlusion>
				<amt_occlusion_kf>1</amt_occlusion_kf>
				<amt_border_l>0</amt_border_l>
				<amt_border_r>1</amt_border_r>
				<amt_border_kf>-1</amt_border_kf>
			</item>
			<item>
				<tx>23.62980188342997</tx>
				<ty>5.2667339132794755</ty>
				<tz>-1.754435813548433</tz>
				<rx>0</rx>
				<ry>0</ry>
				<rz>-3.1583434858342216</rz>
				<state>2</state>
				<occlusion>1</occlusion>
				<occlusion_kf>1</occlusion_kf>
				<truncation>0</truncation>
				<amt_occlusion>1</amt_occlusion>
				<amt_occlusion_kf>1</amt_occlusion_kf>
				<amt_border_l>0</amt_border_l>
				<amt_border_r>1</amt_border_r>
				<amt_border_kf>-1</amt_border_kf>
			</item>
			<item>
				<tx>22.819831443608951</tx>
				<ty>5.3113605512313651</ty>
				<tz>-1.8077801817616936</tz>
				<rx>0</rx>
				<ry>0</ry>
				<rz>-3.1568815131167343</rz>
				<state>1</state>
				<occlusion>1</occlusion>
				<occlusion_kf>0</occlusion_kf>
				<truncation>0</truncation>
				<amt_occlusion>1</amt_occlusion>
				<amt_occlusion_kf>0</amt_occlusion_kf>
				<amt_border_l>0</amt_border_l>
				<amt_border_r>1</amt_border_r>
				<amt_border_kf>-1</amt_border_kf>
			</item>
			<item>
				<tx>22.009861003787933</tx>
				<ty>5.3559871891832547</ty>
				<tz>-1.8611245499749542</tz>
				<rx>0</rx>
				<ry>0</ry>
				<rz>-3.1554195403992464</rz>
				<state>2</state>
				<occlusion>0</occlusion>
				<occlusion_kf>1</occlusion_kf>
				<truncation>0</truncation>
				<amt_occlusion>0</amt_occlusion>
				<amt_occlusion_kf>1</amt_occlusion_kf>
				<amt_border_l>0</amt_border_l>
				<amt_border_r>1</amt_border_r>
				<amt_border_kf>-1</amt_border_kf>
			</item>
			<item>
				<tx>21.199864273237093</tx>
				<ty>5.402176572537841</ty>
				<tz>-1.9154280296510624</tz>
				<rx>0</rx>
				<ry>0</ry>
				<rz>-3.1539575678052074</rz>
				<state>2</state>
				<occlusion>0</occlusion>
				<occlusion_kf>0</occlusion_kf>
				<truncation>0</truncation>
				<amt_occlusion>1</amt_occlusion>
				<amt_occlusion_kf>0</amt_occlusion_kf>
				<amt_border_l>0</amt_border_l>
				<amt_border_r>1</amt_border_r>
				<amt_border_kf>-1</amt_border_kf>
			</item>
			<item>
				<tx>20.389056235749113</tx>
				<ty>5.382755667345104</ty>
				<tz>-1.893232683141628</tz>
				<rx>0</rx>
				<ry>0</ry>
				<rz>-3.1524955952111688</rz>
				<state>2</state>
				<occlusion>0</occlusion>
				<occlusion_kf>0</occlusion_kf>
				<truncation>0</truncation>
				<amt_occlusion>1</amt_occlusion>
				<amt_occlusion_kf>1</amt_occlusion_kf>
				<amt_border_l>0</amt_border_l>
				<amt_border_r>1</amt_border_r>
				<amt_border_kf>-1</amt_border_kf>
			</item>
			<item>
				<tx>19.597457501491284</tx>
				<ty>5.3804977985952176</ty>
				<tz>-1.909404684985478</tz>
				<rx>0</rx>
				<ry>0</ry>
				<rz>-3.1532050927388084</rz>
				<state>2</state>
				<occlusion>0</occlusion>
				<occlusion_kf>0</occlusion_kf>
				<truncation>0</truncation>
				<amt_occlusion>1</amt_occlusion>
				<amt_occlusion_kf>0</amt_occlusion_kf>
				<amt_border_l>0</amt_border_l>
				<amt_border_r>1</amt_border_r>
				<amt_border_kf>-1</amt_border_kf>
			</item>
			<item>
				<tx>18.805096830627576</tx>
				<ty>5.3126290493847108</ty>
				<tz>-1.952078431755184</tz>
				<rx>0</rx>
				<ry>0</ry>
				<rz>-3.1539145902664485</rz>
				<state>2</state>
				<occlusion>0</occlusion>
				<occlusion_kf>0</occlusion_kf>
				<truncation>0</truncation>
				<amt_occlusion>0</amt_occlusion>
				<amt_occlusion_kf>1</amt_occlusion_kf>
				<amt_border_l>0</amt_border_l>
				<amt_border_r>1</amt_border_r>
				<amt_border_kf>-1</amt_border_kf>
			</item>
			<item>
				<tx>18.012828382649772</tx>
				<ty>5.2541334820635477</ty>
				<tz>-1.9480021198939872</tz>
				<rx>0</rx>
				<ry>0</ry>
				<rz>-3.1546240877940885</rz>
				<state>1</state>
				<occlusion>0</occlusion>
				<occlusion_kf>0</occlusion_kf>
				<truncation>0</truncation>
				<amt_occlusion>0</amt_occlusion>
				<amt_occlusion_kf>0</amt_occlusion_kf>
				<amt_border_l>0</amt_border_l>
				<amt_border_r>1</amt_border_r>
				<amt_border_kf>-1</amt_border_kf>
			</item>
			<item>
				<tx>17.220559934671972</tx>
				<ty>5.1956379147423855</ty>
				<tz>-1.9439258080327904</tz>
				<rx>0</rx>
				<ry>0</ry>
				<rz>-3.1553335853217286</rz>
				<state>2</state>
				<occlusion>0</occlusion>
				<occlusion_kf>0</occlusion_kf>
				<truncation>0</truncation>
				<amt_occlusion>0</amt_occlusion>
				<amt_occlusion_kf>1</amt_occlusion_kf>
				<amt_border_l>0</amt_border_l>
				<amt_border_r>1</amt_border_r>
				<amt_border_kf>-1</amt_border_kf>
			</item>
			<item>
				<tx>16.42846916867521</tx>
				<ty>5.1488580710472176</ty>
				<tz>-1.9156736233430305</tz>
				<rx>0</rx>
				<ry>0</ry>
				<rz>-3.1560430827965069</rz>
				<state>2</state>
				<occlusion>0</occlusion>
				<occlusion_kf>0</occlusion_kf>
				<truncation>0</truncation>
				<amt_occlusion>0</amt_occlusion>
				<amt_occlusion_kf>0</amt_occlusion_kf>
				<amt_border_l>0</amt_border_l>
				<amt_border_r>1</amt_border_r>
				<amt_border_kf>-1</amt_border_kf>
			</item>
			<item>
				<tx>15.63100298303819</tx>
				<ty>5.0879568435710922</ty>
				<tz>-1.89582745776567</tz>
				<rx>0</rx>
				<ry>0</ry>
				<rz>-3.157395630801024</rz>
				<state>2</state>
				<occlusion>0</occlusion>
				<occlusion_kf>0</occlusion_kf>
				<truncation>0</truncation>
				<amt_occlusion>0</amt_occlusion>
				<amt_occlusion_kf>1</amt_occlusion_kf>
				<amt_border_l>0</amt_border_l>
				<amt_border_r>1</amt_border_r>
				<amt_border_kf>-1</amt_border_kf>
			</item>
			<item>
				<tx>14.833684922258747</tx>
				<ty>5.0364280605896736</ty>
				<tz>-1.8387440851731132</tz>
				<rx>0</rx>
				<ry>0</ry>
				<rz>-3.1587481788055416</rz>
				<state>2</state>
				<occlusion>0</occlusion>
				<occlusion_kf>0</occlusion_kf>
				<truncation>0</truncation>
				<amt_occlusion>0</amt_occlusion>
				<amt_occlusion_kf>0</amt_occlusion_kf>
				<amt_border_l>0</amt_border_l>
				<amt_border_r>1</amt_border_r>
				<amt_border_kf>-1</amt_border_kf>
			</item>
			<item>
				<tx>14.036292870342924</tx>
				<ty>4.9802130603869141</ty>
				<tz>-1.8284001641856413</tz>
				<rx>0</rx>
				<ry>0</ry>
				<rz>-3.1601007266891314</rz>
				<state>2</state>
				<occlusion>0</occlusion>
				<occlusion_kf>0</occlusion_kf>
				<truncation>0</truncation>
				<amt_occlusion>0</amt_occlusion>
				<amt_occlusion_kf>1</amt_occlusion_kf>
				<amt_border_l>0</amt_border_l>
				<amt_border_r>1</amt_border_r>
				<amt_border_kf>-1</amt_border_kf>
			</item>
			<item>
				<tx>13.239640930316394</tx>
				<ty>4.9639852971746503</ty>
				<tz>-1.8328304911606643</tz>
				<rx>0</rx>
				<ry>0</ry>
				<rz>-3.161453274673494</rz>
				<state>1</state>
				<occlusion>0</occlusion>
				<occlusion_kf>0</occlusion_kf>
				<truncation>0</truncation>
				<amt_occlusion>0</amt_occlusion>
				<amt_occlusion_kf>0</amt_occlusion_kf>
				<amt_border_l>0</amt_border_l>
				<amt_border_r>1</amt_border_r>
				<amt_border_kf>-1</amt_border_kf>
			</item>
			<item>
				<tx>12.442988990289862</tx>
				<ty>4.9477575339623865</ty>
				<tz>-1.8372608181356871</tz>
				<rx>0</rx>
				<ry>0</ry>
				<rz>-3.162805822657857</rz>
				<state>1</state>
				<occlusion>0</occlusion>
				<occlusion_kf>0</occlusion_kf>
				<truncation>0</truncation>
				<amt_occlusion>0</amt_occlusion>
				<amt_occlusion_kf>1</amt_occlusion_kf>
				<amt_border_l>0</amt_border_l>
				<amt_border_r>1</amt_border_r>
				<amt_border_kf>-1</amt_border_kf>
			</item>
			<item>
				<tx>11.646336990908138</tx>
				<ty>4.9315297695410605</ty>
				<tz>-1.8416911454407952</tz>
				<rx>0</rx>
				<ry>0</ry>
				<rz>-3.1641583707429923</rz>
				<state>1</state>
				<occlusion>0</occlusion>
				<occlusion_kf>0</occlusion_kf>
				<truncation>0</truncation>
				<amt_occlusion>0</amt_occlusion>
				<amt_occlusion_kf>0</amt_occlusion_kf>
				<amt_border_l>0</amt_border_l>
				<amt_border_r>1</amt_border_r>
				<amt_border_kf>-1</amt_border_kf>
			</item>
			<item>
				<tx>10.849685110236802</tx>
				<ty>4.9153020075378588</ty>
				<tz>-1.8461214720857329</tz>
				<rx>0</rx>
				<ry>0</ry>
				<rz>-3.1655109186265826</rz>
				<state>1</state>
				<occlusion>0</occlusion>
				<occlusion_kf>0</occlusion_kf>
				<truncation>0</truncation>
				<amt_occlusion>0</amt_occlusion>
				<amt_occlusion_kf>1</amt_occlusion_kf>
				<amt_border_l>0</amt_border_l>
				<amt_border_r>1</amt_border_r>
				<amt_border_kf>-1</amt_border_kf>
			</item>
			<item>
				<tx>10.053033229565465</tx>
				<ty>4.8990742455346581</ty>
				<tz>-1.8505517987306708</tz>
				<rx>0</rx>
				<ry>0</ry>
				<rz>-3.1668634665101725</rz>
				<state>2</state>
				<occlusion>0</occlusion>
				<occlusion_kf>0</occlusion_kf>
				<truncation>0</truncation>
				<amt_occlusion>0</amt_occlusion>
				<amt_occlusion_kf>1</amt_occlusion_kf>
				<amt_border_l>0</amt_border_l>
				<amt_border_r>1</amt_border_r>
				<amt_border_kf>-1</amt_border_kf>
			</item>
		</poses>
		<finished>1</finished>
	</item>
	<item>
		<objectType>Car</objectType>
		<h>1.4813918</h>
		<w>1.6634107</w>
		<l>3.8963802</l>
		<first_frame>3</first_frame>
		<poses>
			<count>19</count>
			<item_version>2</item_version>
			<item>
				<tx>29.611197580498125</tx>
				<ty>5.2211697484124961</ty>
				<tz>-1.6838889370461505</tz>
				<rx>0</rx>
				<ry>0</ry>
				<rz>-3.1755774921905697</rz>
				<state>2</state>
				<occlusion>2</occlusion>
				<occlusion_kf>1</occlusion_kf>
				<truncation>0</truncation>
				<amt_occlusion>3</amt_occlusion>
				<amt_occlusion_kf>1</amt_occlusion_kf>
				<amt_border_l>0</amt_border_l>
				<amt_border_r>1</amt_border_r>
				<amt_border_kf>-1</amt_border_kf>
			</item>
			<item>
				<tx>28.79331276650613</tx>
				<ty>5.3078261970819485</ty>
				<tz>-1.672949557371991</tz>
				<rx>0</rx>
				<ry>0</ry>
				<rz>-3.1778023147227921</rz>
				<state>2</state>
				<occlusion>2</occlusion>
				<occlusion_kf>0</occlusion_kf>
				<truncation>0</truncation>
				<amt_occlusion>2</amt_occlusion>
				<amt_occlusion_kf>1</amt_occlusion_kf>
				<amt_border_l>0</amt_border_l>
				<amt_border_r>1</amt_border_r>
				<amt_border_kf>-1</amt_border_kf>
			</item>
			<item>
				<tx>27.973752061907909</tx>
				<ty>5.3476445158084607</ty>
				<tz>-1.7657719733788588</tz>
				<rx>0</rx>
				<ry>0</ry>
				<rz>-3.1800271373213196</rz>
				<state>2</state>
				<occlusion>2</occlusion>
				<occlusion_kf>0</occlusion_kf>
				<truncation>0</truncation>
				<amt_occlusion>2</amt_occlusion>
				<amt_occlusion_kf>0</amt_occlusion_kf>
				<amt_border_l>0</amt_border_l>
				<amt_border_r>1</amt_border_r>
				<amt_border_kf>-1</amt_border_kf>
			</item>
			<item>
				<tx>27.154794180957836</tx>
				<ty>5.4015103981837669</ty>
				<tz>-1.8472327898285426</tz>
				<rx>0</rx>
				<ry>0</ry>
				<rz>-3.1822519598203893</rz>
				<state>2</state>
				<occlusion>2</occlusion>
				<occlusion_kf>0</occlusion_kf>
				<truncation>0</truncation>
				<amt_occlusion>2</amt_occlusion>
				<amt_occlusion_kf>1</amt_occlusion_kf>
				<amt_border_l>0</amt_border_l>
				<amt_border_r>1</amt_border_r>
				<amt_border_kf>-1</amt_border_kf>
			</item>
			<item>
				<tx>26.335358534442065</tx>
				<ty>5.4413235598070546</ty>
				<tz>-1.9005046922773583</tz>
				<rx>0</rx>
				<ry>0</ry>
				<rz>-3.1844767823194595</rz>
				<state>2</state>
				<occlusion>2</occlusion>
				<occlusion_kf>0</occlusion_kf>
				<truncation>0</truncation>
				<amt_occlusion>2</amt_occlusion>
				<amt_occlusion_kf>0</amt_occlusion_kf>
				<amt_border_l>0</amt_border_l>
				<amt_border_r>1</amt_border_r>
				<amt_border_kf>-1</amt_border_kf>
			</item>
			<item>
				<tx>25.548083468947134</tx>
				<ty>5.4276836727998337</ty>
				<tz>-1.8720534588812012</tz>
				<rx>0</rx>
				<ry>0</ry>
				<rz>-3.1867016046859198</rz>
				<state>2</state>
				<occlusion>2</occlusion>
				<occlusion_kf>0</occlusion_kf>
				<truncation>0</truncation>
				<amt_occlusion>2</amt_occlusion>
				<amt_occlusion_kf>1</amt_occlusion_kf>
				<amt_border_l>0</amt_border_l>
				<amt_border_r>1</amt_border_r>
				<amt_border_kf>-1</amt_border_kf>
			</item>
			<item>
				<tx>24.734612335543517</tx>
				<ty>5.406247123893178</ty>
				<tz>-1.8953588359942248</tz>
				<rx>0</rx>
				<ry>0</ry>
				<rz>-3.1761995515675348</rz>
				<state>2</state>
				<occlusion>2</occlusion>
				<occlusion_kf>0</occlusion_kf>
				<truncation>0</truncation>
				<amt_occlusion>2</amt_occlusion>
				<amt_occlusion_kf>0</amt_occlusion_kf>
				<amt_border_l>0</amt_border_l>
				<amt_border_r>1</amt_border_r>
				<amt_border_kf>-1</amt_border_kf>
			</item>
			<item>
				<tx>23.922046646087324</tx>
				<ty>5.347426354378281</ty>
				<tz>-1.9061161816092638</tz>
				<rx>0</rx>
				<ry>0</ry>
				<rz>-3.1766605480208305</rz>
				<state>1</state>
				<occlusion>2</occlusion>
				<occlusion_kf>0</occlusion_kf>
				<truncation>0</truncation>
				<amt_occlusion>2</amt_occlusion>
				<amt_occlusion_kf>1</amt_occlusion_kf>
				<amt_border_l>0</amt_border_l>
				<amt_border_r>1</amt_border_r>
				<amt_border_kf>-1</amt_border_kf>
			</item>
			<item>
				<tx>23.109480956631131</tx>
				<ty>5.2886055848633839</ty>
				<tz>-1.9168735272243029</tz>
				<rx>0</rx>
				<ry>0</ry>
				<rz>-3.1771215444741263</rz>
				<state>1</state>
				<occlusion>2</occlusion>
				<occlusion_kf>0</occlusion_kf>
				<truncation>0</truncation>
				<amt_occlusion>2</amt_occlusion>
				<amt_occlusion_kf>0</amt_occlusion_kf>
				<amt_border_l>0</amt_border_l>
				<amt_border_r>1</amt_border_r>
				<amt_border_kf>-1</amt_border_kf>
			</item>
			<item>
				<tx>22.296915339823968</tx>
				<ty>5.2297848206074731</ty>
				<tz>-1.9276308718775603</tz>
				<rx>0</rx>
				<ry>0</ry>
				<rz>-3.1775825408862057</rz>
				<state>2</state>
				<occlusion>2</occlusion>
				<occlusion_kf>0</occlusion_kf>
				<truncation>0</truncation>
				<amt_occlusion>1</amt_occlusion>
				<amt_occlusion_kf>1</amt_occlusion_kf>
				<amt_border_l>0</amt_border_l>
				<amt_border_r>1</amt_border_r>
				<amt_border_kf>-1</amt_border_kf>
			</item>
			<item>
				<tx>21.48333350850821</tx>
				<ty>5.1255187698726186</ty>
				<tz>-1.8965277328436434</tz>
				<rx>0</rx>
				<ry>0</ry>
				<rz>-3.1780435373257627</rz>
				<state>2</state>
				<occlusion>1</occlusion>
				<occlusion_kf>1</occlusion_kf>
				<truncation>0</truncation>
				<amt_occlusion>2</amt_occlusion>
				<amt_occlusion_kf>0</amt_occlusion_kf>
				<amt_border_l>0</amt_border_l>
				<amt_border_r>1</amt_border_r>
				<amt_border_kf>-1</amt_border_kf>
			</item>
			<item>
				<tx>20.671199026250967</tx>
				<ty>5.0619708031031996</ty>
				<tz>-1.8688605803096929</tz>
				<rx>0</rx>
				<ry>0</ry>
				<rz>-3.1845683236621425</rz>
				<state>2</state>
				<occlusion>1</occlusion>
				<occlusion_kf>0</occlusion_kf>
				<truncation>0</truncation>
				<amt_occlusion>2</amt_occlusion>
				<amt_occlusion_kf>1</amt_occlusion_kf>
				<amt_border_l>0</amt_border_l>
				<amt_border_r>1</amt_border_r>
				<amt_border_kf>-1</amt_border_kf>
			</item>
			<item>
				<tx>19.857856403813891</tx>
				<ty>4.9703279558691138</ty>
				<tz>-1.7607511831370801</tz>
				<rx>0</rx>
				<ry>0</ry>
				<rz>-3.1910931099985222</rz>
				<state>2</state>
				<occlusion>1</occlusion>
				<occlusion_kf>0</occlusion_kf>
				<truncation>0</truncation>
				<amt_occlusion>2</amt_occlusion>
				<amt_occlusion_kf>0</amt_occlusion_kf>
				<amt_border_l>0</amt_border_l>
				<amt_border_r>1</amt_border_r>
				<amt_border_kf>-1</amt_border_kf>
			</item>
			<item>
				<tx>19.040240115952429</tx>
				<ty>4.9304770954478778</ty>
				<tz>-1.7582934763210922</tz>
				<rx>0</rx>
				<ry>0</ry>
				<rz>-3.1869623773087534</rz>
				<state>1</state>
				<occlusion>1</occlusion>
				<occlusion_kf>0</occlusion_kf>
				<truncation>0</truncation>
				<amt_occlusion>1</amt_occlusion>
				<amt_occlusion_kf>1</amt_occlusion_kf>
				<amt_border_l>0</amt_border_l>
				<amt_border_r>1</amt_border_r>
				<amt_border_kf>-1</amt_border_kf>
			</item>
			<item>
				<tx>18.222623828090967</tx>
				<ty>4.8906262350266418</ty>
				<tz>-1.7558357695051043</tz>
				<rx>0</rx>
				<ry>0</ry>
				<rz>-3.182831644618985</rz>
				<state>1</state>
				<occlusion>1</occlusion>
				<occlusion_kf>0</occlusion_kf>
				<truncation>0</truncation>
				<amt_occlusion>1</amt_occlusion>
				<amt_occlusion_kf>0</amt_occlusion_kf>
				<amt_border_l>0</amt_border_l>
				<amt_border_r>1</amt_border_r>
				<amt_border_kf>-1</amt_border_kf>
			</item>
			<item>
				<tx>17.405007540229501</tx>
				<ty>4.8507753746054059</ty>
				<tz>-1.7533780626891162</tz>
				<rx>0</rx>
				<ry>0</ry>
				<rz>-3.1787009119292167</rz>
				<state>1</state>
				<occlusion>1</occlusion>
				<occlusion_kf>0</occlusion_kf>
				<truncation>0</truncation>
				<amt_occlusion>1</amt_occlusion>
				<amt_occlusion_kf>1</amt_occlusion_kf>
				<amt_border_l>0</amt_border_l>
				<amt_border_r>1</amt_border_r>
				<amt_border_kf>-1</amt_border_kf>
			</item>
			<item>
				<tx>16.58739125236804</tx>
				<ty>4.8109245141841699</ty>
				<tz>-1.7509203558731283</tz>
				<rx>0</rx>
				<ry>0</ry>
				<rz>-3.1745701792394478</rz>
				<state>2</state>
				<occlusion>1</occlusion>
				<occlusion_kf>0</occlusion_kf>
				<truncation>0</truncation>
				<amt_occlusion>1</amt_occlusion>
				<amt_occlusion_kf>0</amt_occlusion_kf>
				<amt_border_l>0</amt_border_l>
				<amt_border_r>1</amt_border_r>
				<amt_border_kf>-1</amt_border_kf>
			</item>
			<item>
				<tx>15.784692429977991</tx>
				<ty>4.8171194140752203</ty>
				<tz>-1.7739893697086275</tz>
				<rx>0</rx>
				<ry>0</ry>
				<rz>-3.178314228882499</rz>
				<state>1</state>
				<occlusion>1</occlusion>
				<occlusion_kf>0</occlusion_kf>
				<truncation>0</truncation>
				<amt_occlusion>1</amt_occlusion>
				<amt_occlusion_kf>1</amt_occlusion_kf>
				<amt_border_l>0</amt_border_l>
				<amt_border_r>1</amt_border_r>
				<amt_border_kf>-1</amt_border_kf>
			</item>
			<item>
				<tx>15.04606936568184</tx>
				<ty>4.8207200322004073</ty>
				<tz>-1.7964950004417095</tz>
				<rx>0</rx>
				<ry>0</ry>
				<rz>-3.1820582785255498</rz>
				<state>2</state>
				<occlusion>1</occlusion>
				<occlusion_kf>0</occlusion_kf>
				<truncation>0</truncation>
				<amt_occlusion>1.5</amt_occlusion>
				<amt_occlusion_kf>1</amt_occlusion_kf>
				<amt_border_l>0</amt_border_l>
				<amt_border_r>1</amt_border_r>
				<amt_border_kf>-1</amt_border_kf>
			</item>
		</poses>
		<finished>1</finished>
	</item>
	<item>
		<objectType>Car</objectType>
		<h>1.3076155</h>
		<w>1.5786296</w>
		<l>4.231935</l>
		<first_frame>1</first_frame>
		<poses>
			<count>21</count>
			<item_version>2</item_version>
			<item>
				<tx>17.913626548878248</tx>
				<ty>5.4668720336882783</ty>
				<tz>-1.8658447265625</tz>
				<rx>0</rx>
				<ry>0</ry>
				<rz>-3.1624089642983275</rz>
				<state>2</state>
				<occlusion>2</occlusion>
				<occlusion_kf>1</occlusion_kf>
				<truncation>0</truncation>
				<amt_occlusion>3</amt_occlusion>
				<amt_occlusion_kf>1</amt_occlusion_kf>
				<amt_border_l>0</amt_border_l>
				<amt_border_r>1</amt_border_r>
				<amt_border_kf>-1</amt_border_kf>
			</item>
			<item>
				<tx>17.127969584283253</tx>
				<ty>5.4967186293620403</ty>
				<tz>-1.8658447265625</tz>
				<rx>0</rx>
				<ry>0</ry>
				<rz>-3.1605088232630312</rz>
				<state>1</state>
				<occlusion>2</occlusion>
				<occlusion_kf>0</occlusion_kf>
				<truncation>0</truncation>
				<amt_occlusion>1.5</amt_occlusion>
				<amt_occlusion_kf>1</amt_occlusion_kf>
				<amt_border_l>0</amt_border_l>
				<amt_border_r>1</amt_border_r>
				<amt_border_kf>-1</amt_border_kf>
			</item>
			<item>
				<tx>16.342312619688254</tx>
				<ty>5.5265652250358022</ty>
				<tz>-1.8658447265625</tz>
				<rx>0</rx>
				<ry>0</ry>
				<rz>-3.1586086822277348</rz>
				<state>1</state>
				<occlusion>2</occlusion>
				<occlusion_kf>0</occlusion_kf>
				<truncation>0</truncation>
				<amt_occlusion>2</amt_occlusion>
				<amt_occlusion_kf>0</amt_occlusion_kf>
				<amt_border_l>0</amt_border_l>
				<amt_border_r>1</amt_border_r>
				<amt_border_kf>-1</amt_border_kf>
			</item>
			<item>
				<tx>15.556655596557254</tx>
				<ty>5.5564118229333088</ty>
				<tz>-1.8658447265625</tz>
				<rx>0</rx>
				<ry>0</ry>
				<rz>-3.1567085410508668</rz>
				<state>1</state>
				<occlusion>2</occlusion>
				<occlusion_kf>0</occlusion_kf>
				<truncation>0</truncation>
				<amt_occlusion>2</amt_occlusion>
				<amt_occlusion_kf>1</amt_occlusion_kf>
				<amt_border_l>0</amt_border_l>
				<amt_border_r>1</amt_border_r>
				<amt_border_kf>-1</amt_border_kf>
			</item>
			<item>
				<tx>14.770998690498264</tx>
				<ty>5.586258416383326</ty>
				<tz>-1.8658447265625</tz>
				<rx>0</rx>
				<ry>0</ry>
				<rz>-3.1548084001571417</rz>
				<state>1</state>
				<occlusion>2</occlusion>
				<occlusion_kf>0</occlusion_kf>
				<truncation>0</truncation>
				<amt_occlusion>2</amt_occlusion>
				<amt_occlusion_kf>0</amt_occlusion_kf>
				<amt_border_l>0</amt_border_l>
				<amt_border_r>1</amt_border_r>
				<amt_border_kf>-1</amt_border_kf>
			</item>
			<item>
				<tx>13.985341784439271</tx>
				<ty>5.6161050098333432</ty>
				<tz>-1.8658447265625</tz>
				<rx>0</rx>
				<ry>0</ry>
				<rz>-3.152908259263417</rz>
				<state>2</state>
				<occlusion>2</occlusion>
				<occlusion_kf>0</occlusion_kf>
				<truncation>0</truncation>
				<amt_occlusion>1</amt_occlusion>
				<amt_occlusion_kf>1</amt_occlusion_kf>
				<amt_border_l>0</amt_border_l>
				<amt_border_r>1</amt_border_r>
				<amt_border_kf>-1</amt_border_kf>
			</item>
			<item>
				<tx>13.172427723649697</tx>
				<ty>5.6081826547814293</ty>
				<tz>-1.8658447265625</tz>
				<rx>0</rx>
				<ry>0</ry>
				<rz>-3.15388146734271</rz>
				<state>1</state>
				<occlusion>1</occlusion>
				<occlusion_kf>1</occlusion_kf>
				<truncation>0</truncation>
				<amt_occlusion>1</amt_occlusion>
				<amt_occlusion_kf>0</amt_occlusion_kf>
				<amt_border_l>0</amt_border_l>
				<amt_border_r>1</amt_border_r>
				<amt_border_kf>-1</amt_border_kf>
			</item>
			<item>
				<tx>12.359513662860122</tx>
				<ty>5.6002602997295154</ty>
				<tz>-1.8658447265625</tz>
				<rx>0</rx>
				<ry>0</ry>
				<rz>-3.154854675422003</rz>
				<state>1</state>
				<occlusion>0</occlusion>
				<occlusion_kf>1</occlusion_kf>
				<truncation>0</truncation>
				<amt_occlusion>0</amt_occlusion>
				<amt_occlusion_kf>1</amt_occlusion_kf>
				<amt_border_l>0</amt_border_l>
				<amt_border_r>1</amt_border_r>
				<amt_border_kf>-1</amt_border_kf>
			</item>
			<item>
				<tx>11.546599541503731</tx>
				<ty>5.5923379440873404</ty>
				<tz>-1.8658447265625</tz>
				<rx>0</rx>
				<ry>0</ry>
				<rz>-3.1558278835738056</rz>
				<state>1</state>
				<occlusion>0</occlusion>
				<occlusion_kf>0</occlusion_kf>
				<truncation>0</truncation>
				<amt_occlusion>0</amt_occlusion>
				<amt_occlusion_kf>0</amt_occlusion_kf>
				<amt_border_l>0</amt_border_l>
				<amt_border_r>1</amt_border_r>
				<amt_border_kf>-1</amt_border_kf>
			</item>
			<item>
				<tx>10.733685541280973</tx>
				<ty>5.5844155896256877</ty>
				<tz>-1.8658447265625</tz>
				<rx>0</rx>
				<ry>0</ry>
				<rz>-3.1568010915805886</rz>
				<state>1</state>
				<occlusion>0</occlusion>
				<occlusion_kf>0</occlusion_kf>
				<truncation>0</truncation>
				<amt_occlusion>0</amt_occlusion>
				<amt_occlusion_kf>1</amt_occlusion_kf>
				<amt_border_l>0</amt_border_l>
				<amt_border_r>1</amt_border_r>
				<amt_border_kf>-1</amt_border_kf>
			</item>
			<item>
				<tx>9.9207715410582153</tx>
				<ty>5.5764932351640351</ty>
				<tz>-1.8658447265625</tz>
				<rx>0</rx>
				<ry>0</ry>
				<rz>-3.1577742995873721</rz>
				<state>2</state>
				<occlusion>0</occlusion>
				<occlusion_kf>0</occlusion_kf>
				<truncation>0</truncation>
				<amt_occlusion>0</amt_occlusion>
				<amt_occlusion_kf>0</amt_occlusion_kf>
				<amt_border_l>0</amt_border_l>
				<amt_border_r>1</amt_border_r>
				<amt_border_kf>-1</amt_border_kf>
			</item>
			<item>
				<tx>9.1610666222120187</tx>
				<ty>5.5439075419325983</ty>
				<tz>-1.8650186300154612</tz>
				<rx>0</rx>
				<ry>0</ry>
				<rz>-3.1609356549637955</rz>
				<state>1</state>
				<occlusion>0</occlusion>
				<occlusion_kf>0</occlusion_kf>
				<truncation>1</truncation>
				<amt_occlusion>0</amt_occlusion>
				<amt_occlusion_kf>1</amt_occlusion_kf>
				<amt_border_l>0</amt_border_l>
				<amt_border_r>1</amt_border_r>
				<amt_border_kf>-1</amt_border_kf>
			</item>
			<item>
				<tx>8.4013617033658221</tx>
				<ty>5.5113218487011615</ty>
				<tz>-1.8641925334684224</tz>
				<rx>0</rx>
				<ry>0</ry>
				<rz>-3.1640970103402188</rz>
				<state>1</state>
				<occlusion>0</occlusion>
				<occlusion_kf>0</occlusion_kf>
				<truncation>1</truncation>
				<amt_occlusion>0</amt_occlusion>
				<amt_occlusion_kf>1</amt_occlusion_kf>
				<amt_border_l>0</amt_border_l>
				<amt_border_r>1</amt_border_r>
				<amt_border_kf>-1</amt_border_kf>
			</item>
			<item>
				<tx>7.6416567279171987</tx>
				<ty>5.4787361530419014</ty>
				<tz>-1.8633664368598346</tz>
				<rx>0</rx>
				<ry>0</ry>
				<rz>-3.1672583659521818</rz>
				<state>1</state>
				<occlusion>0</occlusion>
				<occlusion_kf>0</occlusion_kf>
				<truncation>1</truncation>
				<amt_occlusion>3</amt_occlusion>
				<amt_occlusion_kf>1</amt_occlusion_kf>
				<amt_border_l>0</amt_border_l>
				<amt_border_r>1</amt_border_r>
				<amt_border_kf>-1</amt_border_kf>
			</item>
			<item>
				<tx>6.8819518656734289</tx>
				<ty>5.4461504622382879</ty>
				<tz>-1.8625403403743448</tz>
				<rx>0</rx>
				<ry>0</ry>
				<rz>-3.1704197210930656</rz>
				<state>1</state>
				<occlusion>0</occlusion>
				<occlusion_kf>0</occlusion_kf>
				<truncation>1</truncation>
				<amt_occlusion>0</amt_occlusion>
				<amt_occlusion_kf>1</amt_occlusion_kf>
				<amt_border_l>0</amt_border_l>
				<amt_border_r>1</amt_border_r>
				<amt_border_kf>-1</amt_border_kf>
			</item>
			<item>
				<tx>6.1222470034296581</tx>
				<ty>5.4135647714346744</ty>
				<tz>-1.861714243888855</tz>
				<rx>0</rx>
				<ry>0</ry>
				<rz>-3.1735810762339498</rz>
				<state>2</state>
				<occlusion>0</occlusion>
				<occlusion_kf>0</occlusion_kf>
				<truncation>1</truncation>
				<amt_occlusion>3</amt_occlusion>
				<amt_occlusion_kf>1</amt_occlusion_kf>
				<amt_border_l>0</amt_border_l>
				<amt_border_r>1</amt_border_r>
				<amt_border_kf>-1</amt_border_kf>
			</item>
			<item>
				<tx>5.2979009794867817</tx>
				<ty>5.4042532585977892</ty>
				<tz>-1.8616987466809825</tz>
				<rx>0</rx>
				<ry>0</ry>
				<rz>-3.1734603759711177</rz>
				<state>1</state>
				<occlusion>0</occlusion>
				<occlusion_kf>0</occlusion_kf>
				<truncation>1</truncation>
				<amt_occlusion>0</amt_occlusion>
				<amt_occlusion_kf>1</amt_occlusion_kf>
				<amt_border_l>0</amt_border_l>
				<amt_border_r>1</amt_border_r>
				<amt_border_kf>-1</amt_border_kf>
			</item>
			<item>
				<tx>4.4735549555439054</tx>
				<ty>5.3949417457609039</ty>
				<tz>-1.8616832494731099</tz>
				<rx>0</rx>
				<ry>0</ry>
				<rz>-3.1733396757082857</rz>
				<state>1</state>
				<occlusion>0</occlusion>
				<occlusion_kf>0</occlusion_kf>
				<truncation>1</truncation>
				<amt_occlusion>3</amt_occlusion>
				<amt_occlusion_kf>1</amt_occlusion_kf>
				<amt_border_l>0</amt_border_l>
				<amt_border_r>1</amt_border_r>
				<amt_border_kf>-1</amt_border_kf>
			</item>
			<item>
				<tx>3.6492088701824659</tx>
				<ty>5.3856302322302572</ty>
				<tz>-1.8616677522640828</tz>
				<rx>0</rx>
				<ry>0</ry>
				<rz>-3.1732189754364604</rz>
				<state>1</state>
				<occlusion>0</occlusion>
				<occlusion_kf>0</occlusion_kf>
				<truncation>2</truncation>
				<amt_occlusion>0</amt_occlusion>
				<amt_occlusion_kf>1</amt_occlusion_kf>
				<amt_border_l>0</amt_border_l>
				<amt_border_r>1</amt_border_r>
				<amt_border_kf>-1</amt_border_kf>
			</item>
			<item>
				<tx>2.8248629076581535</tx>
				<ty>5.3763187200871334</ty>
				<tz>-1.8616522550573649</tz>
				<rx>0</rx>
				<ry>0</ry>
				<rz>-3.1730982751826211</rz>
				<state>1</state>
				<occlusion>0</occlusion>
				<occlusion_kf>0</occlusion_kf>
				<truncation>99</truncation>
				<amt_occlusion>3</amt_occlusion>
				<amt_occlusion_kf>1</amt_occlusion_kf>
				<amt_border_l>0</amt_border_l>
				<amt_border_r>1</amt_border_r>
				<amt_border_kf>-1</amt_border_kf>
			</item>
			<item>
				<tx>2.0005169451338416</tx>
				<ty>5.3670072079440097</ty>
				<tz>-1.861636757850647</tz>
				<rx>0</rx>
				<ry>0</ry>
				<rz>-3.1729775749287819</rz>
				<state>2</state>
				<occlusion>0</occlusion>
				<occlusion_kf>0</occlusion_kf>
				<truncation>99</truncation>
				<amt_occlusion>0</amt_occlusion>
				<amt_occlusion_kf>1</amt_occlusion_kf>
				<amt_border_l>0</amt_border_l>
				<amt_border_r>1</amt_border_r>
				<amt_border_kf>-1</amt_border_kf>
			</item>
		</poses>
		<finished>0</finished>
	</item>
</tracklets>
</boost_serialization>

